Code,records,percent
LV,2181,52.872727272727275
FT,613,14.860606060606061
BED,250,6.0606060606060606
CC,199,4.824242424242424
DIV,132,3.2
NALA,131,3.175757575757576
CH,120,2.909090909090909
BT,90,2.1818181818181817
DV,54,1.309090909090909
BRI,45,1.0909090909090908
CW,40,0.9696969696969697
N,35,0.8484848484848485
CH TOP,33,0.8
ST,32,0.7757575757575758
FT+BT,13,0.3151515151515151
TOP,11,0.26666666666666666
(missing),10,0.24242424242424243
DLV,10,0.24242424242424243
0,9,0.21818181818181817
CHTOP,8,0.19393939393939394
ROAD LV,8,0.19393939393939394
C LV,6,0.14545454545454545
DL,6,0.14545454545454545
STR,6,0.14545454545454545
TEM,6,0.14545454545454545
ANGL,5,0.12121212121212122
BAD,5,0.12121212121212122
NALI,5,0.12121212121212122
BL,4,0.09696969696969697
COGO,4,0.09696969696969697
NALA OFF,4,0.09696969696969697
CHOK,3,0.07272727272727272
NALA+BRIDGE,3,0.07272727272727272
BED+NALA,2,0.048484848484848485
CC END,2,0.048484848484848485
CC+LV,2,0.048484848484848485
FT END,2,0.048484848484848485
FT TURN,2,0.048484848484848485
NAKI TOP LV,2,0.048484848484848485
NALI END,2,0.048484848484848485
NALI TOP,2,0.048484848484848485
BASELV,1,0.024242424242424242
BED NALA,1,0.024242424242424242
BRI OFF,1,0.024242424242424242
CC KH,1,0.024242424242424242
CH TOP LV,1,0.024242424242424242
CW TOP1,1,0.024242424242424242
D4 ST,1,0.024242424242424242
FFL,1,0.024242424242424242
FT KH,1,0.024242424242424242
FT KHTKI,1,0.024242424242424242
FT MATCH,1,0.024242424242424242
FT OFF,1,0.024242424242424242
FT+OTLA,1,0.024242424242424242
LLV,1,0.024242424242424242
LV END,1,0.024242424242424242
NALA BL,1,0.024242424242424242
NALA END,1,0.024242424242424242
NALA TOP,1,0.024242424242424242
NALA+BT,1,0.024242424242424242
NALA+CW ARPOT,1,0.024242424242424242
NALI BED LV,1,0.024242424242424242
NALI BEDLV,1,0.024242424242424242
NB,1,0.024242424242424242
TBM BRI 1,1,0.024242424242424242
TBM NO 2,1,0.024242424242424242
TBM NO 3,1,0.024242424242424242
TBM1,1,0.024242424242424242
TBMJ8A,1,0.024242424242424242
