photo_id,original_name,sha256,latitude,longitude,altitude,captured_at,web_image,thumbnail,original_bytes,web_bytes
faaa31241952,20260623_10847pmByGPSMapCamera.jpg,faaa312419524e29633e0c3b89b5678cb1a56715f6fae49fc3a98ffa9f229252,19.087843888888887,72.88419277777778,,2026:06:23 13:08:46,web/faaa31241952_20260623_10847pmByGPSMapCamera.jpg,thumbnails/faaa31241952_20260623_10847pmByGPSMapCamera_thumb.jpg,4073394,403197
f9247594b8d3,20260623_11137pmByGPSMapCamera.jpg,f9247594b8d393b6dd6008c67e12b4760dd538353bb6e4a3d0a1ee2e1f18b1a3,19.087689722222223,72.884095,,2026:06:23 13:11:36,web/f9247594b8d3_20260623_11137pmByGPSMapCamera.jpg,thumbnails/f9247594b8d3_20260623_11137pmByGPSMapCamera_thumb.jpg,2978568,262429
4b9d758b8a99,20260623_11307pmByGPSMapCamera.jpg,4b9d758b8a99acbbdcd1595ef3f10cf6f8630a946316caf2ce25643ffef37c43,19.087617777777776,72.88404694444445,,2026:06:23 13:13:07,web/4b9d758b8a99_20260623_11307pmByGPSMapCamera.jpg,thumbnails/4b9d758b8a99_20260623_11307pmByGPSMapCamera_thumb.jpg,2728475,246454
3de0e0e9e1ad,20260623_12013pmByGPSMapCamera.jpg,3de0e0e9e1ad6cf59a8f64da23ee6d305a1c77158c56aee9dd629f26008ea151,19.085475,72.88359000000001,,2026:06:23 13:20:13,web/3de0e0e9e1ad_20260623_12013pmByGPSMapCamera.jpg,thumbnails/3de0e0e9e1ad_20260623_12013pmByGPSMapCamera_thumb.jpg,3001485,271142
0922a5155a90,20260623_121233pmByGPSMapCamera.jpg,0922a5155a906322ec410569e3d21fc273607bc5d80424d097939a570c030c64,19.08798583333333,72.88183777777778,,2026:06:23 12:12:33,web/0922a5155a90_20260623_121233pmByGPSMapCamera.jpg,thumbnails/0922a5155a90_20260623_121233pmByGPSMapCamera_thumb.jpg,3507204,338058
074b0042e4aa,20260623_121316pmByGPSMapCamera.jpg,074b0042e4aa98e1318fe36de376bd53148f8409284a9133c07f338258f2f0e4,19.088042777777776,72.88191777777777,,2026:06:23 12:13:16,web/074b0042e4aa_20260623_121316pmByGPSMapCamera.jpg,thumbnails/074b0042e4aa_20260623_121316pmByGPSMapCamera_thumb.jpg,3757651,345326
c0a4d53b71d5,20260623_121639pmByGPSMapCamera.jpg,c0a4d53b71d5a169f108c4309a63efe74df8637d2ed4cadea8bc7cf7863f6572,19.087562777777777,72.88196472222222,,2026:06:23 12:16:38,web/c0a4d53b71d5_20260623_121639pmByGPSMapCamera.jpg,thumbnails/c0a4d53b71d5_20260623_121639pmByGPSMapCamera_thumb.jpg,3445778,311539
25d62a340f80,20260623_121701pmByGPSMapCamera.jpg,25d62a340f80a2fd088a8306173217d4c1febf483da957faaef5328748796be3,19.087551944444442,72.88197694444443,,2026:06:23 12:17:00,web/25d62a340f80_20260623_121701pmByGPSMapCamera.jpg,thumbnails/25d62a340f80_20260623_121701pmByGPSMapCamera_thumb.jpg,3351587,282625
b22bf84a7e75,20260623_121738pmByGPSMapCamera.jpg,b22bf84a7e7563140cb3514cd978940855c0c0e3f9b5eaeae8d850ccbc257f5d,19.08768,72.882375,,2026:06:23 12:17:38,web/b22bf84a7e75_20260623_121738pmByGPSMapCamera.jpg,thumbnails/b22bf84a7e75_20260623_121738pmByGPSMapCamera_thumb.jpg,3146332,303257
2724afe37a7a,20260623_121745pmByGPSMapCamera.jpg,2724afe37a7adb31040c26dd2a40cfe7020770e7b5386050479f92194f0f9eb5,19.087644722222223,72.88244277777777,,2026:06:23 12:17:45,web/2724afe37a7a_20260623_121745pmByGPSMapCamera.jpg,thumbnails/2724afe37a7a_20260623_121745pmByGPSMapCamera_thumb.jpg,3007108,272383
b5f8f5eb398d,20260623_121835pmByGPSMapCamera.jpg,b5f8f5eb398dd6735578b877acb3e47b90cb399f307102540adbb687755267f3,19.087574999999998,72.88267777777777,,2026:06:23 12:18:35,web/b5f8f5eb398d_20260623_121835pmByGPSMapCamera.jpg,thumbnails/b5f8f5eb398d_20260623_121835pmByGPSMapCamera_thumb.jpg,3937316,380162
229a75da9920,20260623_121837pmByGPSMapCamera.jpg,229a75da99208e6bf944a7c89a0c22bfa3069c4306c5794a12b18c4c0187cee9,19.087574999999998,72.88267777777777,,2026:06:23 12:18:37,web/229a75da9920_20260623_121837pmByGPSMapCamera.jpg,thumbnails/229a75da9920_20260623_121837pmByGPSMapCamera_thumb.jpg,3938495,382008
ca288c4ea5d6,20260623_121840pmByGPSMapCamera.jpg,ca288c4ea5d67baff018f35a7c79838f645e8f444d29f2df8fb0844662117d06,19.087575833333332,72.88268083333332,,2026:06:23 12:18:40,web/ca288c4ea5d6_20260623_121840pmByGPSMapCamera.jpg,thumbnails/ca288c4ea5d6_20260623_121840pmByGPSMapCamera_thumb.jpg,3754136,351980
5d756ec2b08c,20260623_122150pmByGPSMapCamera.jpg,5d756ec2b08c813395ac32ffa730f1a984f238d300a851c527a00699f54f6ca9,19.087642777777777,72.88329194444444,,2026:06:23 12:21:50,web/5d756ec2b08c_20260623_122150pmByGPSMapCamera.jpg,thumbnails/5d756ec2b08c_20260623_122150pmByGPSMapCamera_thumb.jpg,3661478,333089
42b724deefdf,20260623_122151pmByGPSMapCamera.jpg,42b724deefdf9653b40b79a28e11ad2e59d64dfabe4dbe4248c5b80f0800b391,19.087635833333334,72.88328999999999,,2026:06:23 12:21:51,web/42b724deefdf_20260623_122151pmByGPSMapCamera.jpg,thumbnails/42b724deefdf_20260623_122151pmByGPSMapCamera_thumb.jpg,3628958,336159
28b587bdf1b8,20260623_122155pmByGPSMapCamera.jpg,28b587bdf1b8636c30178434f69c7218fc35d2570ac0e473a299a9ee6917fa78,19.087632777777777,72.88328999999999,,2026:06:23 12:21:55,web/28b587bdf1b8_20260623_122155pmByGPSMapCamera.jpg,thumbnails/28b587bdf1b8_20260623_122155pmByGPSMapCamera_thumb.jpg,3363467,302808
8c24ca62c59e,20260623_122156pmByGPSMapCamera.jpg,8c24ca62c59e7286b2c5e5515b9bdea3ac8fdd22cb03f17a4977bbb8ae1e2390,19.087630833333332,72.88328777777777,,2026:06:23 12:21:55,web/8c24ca62c59e_20260623_122156pmByGPSMapCamera.jpg,thumbnails/8c24ca62c59e_20260623_122156pmByGPSMapCamera_thumb.jpg,2832837,214170
26494a73573e,20260623_12352pmByGPSMapCamera.jpg,26494a73573e72089ba06680bf8f2233d64c8cf9dd10dc5f993529c165bfed07,19.085352777777775,72.88358277777779,,2026:06:23 13:23:51,web/26494a73573e_20260623_12352pmByGPSMapCamera.jpg,thumbnails/26494a73573e_20260623_12352pmByGPSMapCamera_thumb.jpg,4046899,418570
a1d30289fcab,20260820_121209pmByGPSMapCamera.jpg,a1d30289fcab6c5ddaddc5490338b0576ed85fa1242d7ce361ac989544638c1f,19.065239722222223,72.87688999999999,,2026:08:20 12:12:08,web/a1d30289fcab_20260820_121209pmByGPSMapCamera.jpg,thumbnails/a1d30289fcab_20260820_121209pmByGPSMapCamera_thumb.jpg,4241312,413154
c0a1084c2f28,20260820_121212pmByGPSMapCamera.jpg,c0a1084c2f28210ddb3047cce92ad823c842e900a7d662ba17d8e1c69866fa0d,19.065237777777778,72.87689888888889,,2026:08:20 12:12:11,web/c0a1084c2f28_20260820_121212pmByGPSMapCamera.jpg,thumbnails/c0a1084c2f28_20260820_121212pmByGPSMapCamera_thumb.jpg,4233591,412630
3255baab13ea,20260820_121303pmByGPSMapCamera.jpg,3255baab13ea034d47b1e4d0d8d013039f3f08c9e21accc88c724f0c8fab87b3,19.06536277777778,72.87696972222221,,2026:08:20 12:13:02,web/3255baab13ea_20260820_121303pmByGPSMapCamera.jpg,thumbnails/3255baab13ea_20260820_121303pmByGPSMapCamera_thumb.jpg,3871504,361815
55143753f011,20260820_121304pmByGPSMapCamera.jpg,55143753f01108b9f8147eab8ddabe34aaa7d26dce78eab7210c8d2a0c724183,19.06536277777778,72.87696972222221,,2026:08:20 12:13:04,web/55143753f011_20260820_121304pmByGPSMapCamera.jpg,thumbnails/55143753f011_20260820_121304pmByGPSMapCamera_thumb.jpg,3683852,352618
7f1f1e6fbfa4,20260820_12354pmByGPSMapCamera.jpg,7f1f1e6fbfa4cb7676bb737691900872b1d6a33891021978b59d1e16d2c8adae,19.077236944444444,72.87702194444444,,2026:08:20 13:23:53,web/7f1f1e6fbfa4_20260820_12354pmByGPSMapCamera.jpg,thumbnails/7f1f1e6fbfa4_20260820_12354pmByGPSMapCamera_thumb.jpg,3228178,277039
d87a254c4225,20260820_12356pmByGPSMapCamera.jpg,d87a254c422592b0c822835cf35162f267e8b0c37ed464b6adc244c1c28f0dfc,19.076337777777777,72.87661999999999,,2026:08:20 13:23:56,web/d87a254c4225_20260820_12356pmByGPSMapCamera.jpg,thumbnails/d87a254c4225_20260820_12356pmByGPSMapCamera_thumb.jpg,3602772,341568
04f80db5dd47,20260821_101948amByGPSMapCamera.jpg,04f80db5dd4734ce94b308229f500c16ae7d42c829f1797139a3dbc8d009c345,19.075743888888887,72.87703194444444,,2026:08:21 10:19:47,web/04f80db5dd47_20260821_101948amByGPSMapCamera.jpg,thumbnails/04f80db5dd47_20260821_101948amByGPSMapCamera_thumb.jpg,3217632,279872
c1b3ea700c04,20260821_102000amByGPSMapCamera.jpg,c1b3ea700c041141d85d2f6aefff90e122f2d9b350662a410904073d22f855fd,19.075689999999998,72.87698694444444,,2026:08:21 10:20:00,web/c1b3ea700c04_20260821_102000amByGPSMapCamera.jpg,thumbnails/c1b3ea700c04_20260821_102000amByGPSMapCamera_thumb.jpg,3517815,334268
293ed141afc4,20260821_105914amByGPSMapCamera.jpg,293ed141afc431efa695e942f070362d12465b5da81e43c3fa0b1ffc882f5c97,19.083761944444444,72.88250472222222,,2026:08:21 10:59:13,web/293ed141afc4_20260821_105914amByGPSMapCamera.jpg,thumbnails/293ed141afc4_20260821_105914amByGPSMapCamera_thumb.jpg,4104676,408287
9806dd9e198a,20260821_105932amByGPSMapCamera.jpg,9806dd9e198a5651c5590baee1802ecb1a137cb27468b8e539e3f4f1f9fa0b25,19.083835833333332,72.88244888888889,,2026:08:21 10:59:32,web/9806dd9e198a_20260821_105932amByGPSMapCamera.jpg,thumbnails/9806dd9e198a_20260821_105932amByGPSMapCamera_thumb.jpg,3988216,388934
1b0947a81071,20260821_113706amByGPSMapCamera.jpg,1b0947a8107154493d59107fbbe32b9aa03d3bd5a2ddfc94a52f3f6016b816d1,19.088081944444443,72.88243972222222,,2026:08:21 11:37:05,web/1b0947a81071_20260821_113706amByGPSMapCamera.jpg,thumbnails/1b0947a81071_20260821_113706amByGPSMapCamera_thumb.jpg,3846353,344989
942621e08045,20260821_122343pmByGPSMapCamera.jpg,942621e08045c936770ed38f4299351eac42459d47242c3bfa704700936d12e8,19.11672777777778,72.85387972222222,,2026:08:21 12:23:42,web/942621e08045_20260821_122343pmByGPSMapCamera.jpg,thumbnails/942621e08045_20260821_122343pmByGPSMapCamera_thumb.jpg,4085053,398976
a6b46094ccab,20260821_122344pmByGPSMapCamera.jpg,a6b46094ccab9b91ffcd923b3a53ff25f7d1ed40a1cefb8006e598ebb0299a79,19.11672777777778,72.85387972222222,,2026:08:21 12:23:44,web/a6b46094ccab_20260821_122344pmByGPSMapCamera.jpg,thumbnails/a6b46094ccab_20260821_122344pmByGPSMapCamera_thumb.jpg,3627414,350310
5eafce4732f3,20260821_44910pmByGPSMapCamera.jpg,5eafce4732f3a1530600de76d21f4187a9fb7d76398f3381f9ebb897f14ed1c0,19.087580833333334,72.88189972222222,,2026:08:21 16:49:10,web/5eafce4732f3_20260821_44910pmByGPSMapCamera.jpg,thumbnails/5eafce4732f3_20260821_44910pmByGPSMapCamera_thumb.jpg,3625237,320795
69e6cc2351fd,20260821_93950amByGPSMapCamera.jpg,69e6cc2351fdf5756fe0e84a1c0c19b310c3b1f778fe6d26b961971f0c05fabe,19.076074722222224,72.87677194444444,,2026:08:21 09:39:49,web/69e6cc2351fd_20260821_93950amByGPSMapCamera.jpg,thumbnails/69e6cc2351fd_20260821_93950amByGPSMapCamera_thumb.jpg,3775611,351493
aef42cd20c4f,20260821_93954amByGPSMapCamera.jpg,aef42cd20c4ff52173bd1a974952afc25c788b996bff29d2574dad6d93e93afa,19.076077777777776,72.87677388888888,,2026:08:21 09:39:53,web/aef42cd20c4f_20260821_93954amByGPSMapCamera.jpg,thumbnails/aef42cd20c4f_20260821_93954amByGPSMapCamera_thumb.jpg,3623457,339493
9cc856088bdc,20260821_94246amByGPSMapCamera.jpg,9cc856088bdc7e01ef32ebae5a4d8aa74cca148bece29d28c6cf954700070825,19.076327777777777,72.87655694444443,,2026:08:21 09:42:45,web/9cc856088bdc_20260821_94246amByGPSMapCamera.jpg,thumbnails/9cc856088bdc_20260821_94246amByGPSMapCamera_thumb.jpg,2971121,259374
e06fd3bd7680,20260821_94255amByGPSMapCamera.jpg,e06fd3bd76809aa196fdab046d965c95a933a88accdef94e3f8b69cd36ea6352,19.076327777777777,72.87655194444444,,2026:08:21 09:42:55,web/e06fd3bd7680_20260821_94255amByGPSMapCamera.jpg,thumbnails/e06fd3bd7680_20260821_94255amByGPSMapCamera_thumb.jpg,3033857,245376
0d7657297b93,20260821_95141amByGPSMapCamera.jpg,0d7657297b93224723e24e768785f267757810b9204b88b6f4c097922085b907,19.076021944444445,72.87677972222221,,2026:08:21 09:51:40,web/0d7657297b93_20260821_95141amByGPSMapCamera.jpg,thumbnails/0d7657297b93_20260821_95141amByGPSMapCamera_thumb.jpg,3595572,318967
ed98b5794684,20260821_95142amByGPSMapCamera.jpg,ed98b5794684a8d5706d4a25e51721d5b5e84fe877787467f7182688d0a9afc3,19.076065833333335,72.87681777777777,,2026:08:21 09:51:42,web/ed98b5794684_20260821_95142amByGPSMapCamera.jpg,thumbnails/ed98b5794684_20260821_95142amByGPSMapCamera_thumb.jpg,3543959,314708
6ed2902418f6,20260822_51714pmByGPSMapCamera.jpg,6ed2902418f65f8db58fc835423f1745b719cbfd7f163c76d4ce9f9e8f1d64a6,19.086923888888887,72.88189388888888,,2026:08:22 17:17:12,web/6ed2902418f6_20260822_51714pmByGPSMapCamera.jpg,thumbnails/6ed2902418f6_20260822_51714pmByGPSMapCamera_thumb.jpg,2960650,216904
8218be2de624,20260822_51717pmByGPSMapCamera.jpg,8218be2de6247e7e32240624d227ca542661199983961602e6bda895f4bfd9a1,19.086923888888887,72.88189388888888,,2026:08:22 17:17:16,web/8218be2de624_20260822_51717pmByGPSMapCamera.jpg,thumbnails/8218be2de624_20260822_51717pmByGPSMapCamera_thumb.jpg,3019521,226349
b9daf59dfab8,20260822_51719pmByGPSMapCamera.jpg,b9daf59dfab84d49decdca1f53962b271fcb4cc491abc9e316f8b48fa75a2cce,19.08692972222222,72.88189972222222,,2026:08:22 17:17:17,web/b9daf59dfab8_20260822_51719pmByGPSMapCamera.jpg,thumbnails/b9daf59dfab8_20260822_51719pmByGPSMapCamera_thumb.jpg,2957874,219698
438eb003a9dc,20260822_51740pmByGPSMapCamera.jpg,438eb003a9dc56066c01cf0713b25c98c6e6fa1fb31157da126049eb5525f4c3,19.086924999999997,72.88193083333333,,2026:08:22 17:17:39,web/438eb003a9dc_20260822_51740pmByGPSMapCamera.jpg,thumbnails/438eb003a9dc_20260822_51740pmByGPSMapCamera_thumb.jpg,3884264,278694
f3ccceb434d1,20260822_51741pmByGPSMapCamera.jpg,f3ccceb434d19d4b7942502f9473f68d2d1d024976faa561b24ac97b76c8f9d2,19.086922777777776,72.88193583333333,,2026:08:22 17:17:41,web/f3ccceb434d1_20260822_51741pmByGPSMapCamera.jpg,thumbnails/f3ccceb434d1_20260822_51741pmByGPSMapCamera_thumb.jpg,3885876,271977
375cae456b3e,20260822_62941pmByGPSMapCamera.jpg,375cae456b3e370be0f76619cb7a77af6a4d2a8a9030e4b316b5a0f5741b7713,19.086801944444442,72.88112083333333,,2026:08:22 18:29:40,web/375cae456b3e_20260822_62941pmByGPSMapCamera.jpg,thumbnails/375cae456b3e_20260822_62941pmByGPSMapCamera_thumb.jpg,3121707,261108
b3cf7ac7a471,20260822_63021pmByGPSMapCamera.jpg,b3cf7ac7a471d8b4fe890e5979d71566910f1790c474940f4a1f9179b04f096b,19.086849722222222,72.88118083333333,,2026:08:22 18:30:21,web/b3cf7ac7a471_20260822_63021pmByGPSMapCamera.jpg,thumbnails/b3cf7ac7a471_20260822_63021pmByGPSMapCamera_thumb.jpg,3195215,274695
340246b9ef3f,20260823_30843pmByGPSMapCamera.jpg,340246b9ef3f06bdc47521b25628f69603e511484dbe5381aca3f07aec197d09,19.08775972222222,72.88398472222222,,2026:08:23 15:08:40,web/340246b9ef3f_20260823_30843pmByGPSMapCamera.jpg,thumbnails/340246b9ef3f_20260823_30843pmByGPSMapCamera_thumb.jpg,4258237,419332
168e1e88bccb,20260823_30849pmByGPSMapCamera.jpg,168e1e88bccba74751a0a609fe4dfd0b96a3f7d559f1a2f6cd1061069278609d,19.087647777777775,72.88388694444446,,2026:08:23 15:08:44,web/168e1e88bccb_20260823_30849pmByGPSMapCamera.jpg,thumbnails/168e1e88bccb_20260823_30849pmByGPSMapCamera_thumb.jpg,4415563,444229
66d60748a4e7,20260823_30933pmByGPSMapCamera.jpg,66d60748a4e729d2de1ff47b0534bec97900ae172e08d320ad1092e03b467ff4,19.08764888888889,72.88380583333334,,2026:08:23 15:09:32,web/66d60748a4e7_20260823_30933pmByGPSMapCamera.jpg,thumbnails/66d60748a4e7_20260823_30933pmByGPSMapCamera_thumb.jpg,3977272,386875
2a342aa8edb5,20260823_30955pmByGPSMapCamera.jpg,2a342aa8edb59f47eabe9144cb8b731e4f6c53639697c40ef6340c3546167dc6,19.087752777777776,72.88383277777778,,2026:08:23 15:09:55,web/2a342aa8edb5_20260823_30955pmByGPSMapCamera.jpg,thumbnails/2a342aa8edb5_20260823_30955pmByGPSMapCamera_thumb.jpg,4073727,427027
ef262c0cc05b,20260823_30957pmByGPSMapCamera.jpg,ef262c0cc05bb6e015c7338c3aa8f4dda7082d5bbdf5e0c2e233bdeb2fc3e46f,19.087762777777776,72.88383,,2026:08:23 15:09:56,web/ef262c0cc05b_20260823_30957pmByGPSMapCamera.jpg,thumbnails/ef262c0cc05b_20260823_30957pmByGPSMapCamera_thumb.jpg,4088960,426456
56843e4eb76a,20260826_120134pmByGPSMapCamera.jpg,56843e4eb76a655d757e3d987d510b290436c25a3e78d2f9c1548387885cdb27,19.081166944444444,72.87967694444444,,2026:08:26 12:01:33,web/56843e4eb76a_20260826_120134pmByGPSMapCamera.jpg,thumbnails/56843e4eb76a_20260826_120134pmByGPSMapCamera_thumb.jpg,3997960,388425
f2f664451d6e,20260826_94000amByGPSMapCamera.jpg,f2f664451d6e437ddd8f3f5a45c0ca01a7f88368085191c1c3b5d78ab867841b,19.08357694444444,72.88227388888889,,2026:08:26 09:40:00,web/f2f664451d6e_20260826_94000amByGPSMapCamera.jpg,thumbnails/f2f664451d6e_20260826_94000amByGPSMapCamera_thumb.jpg,2983286,219256
3f1de91999e1,20260826_94001amByGPSMapCamera.jpg,3f1de91999e12d2854a51836aaf20b2986e4c7467797229f53d73451412f0cb7,19.08357694444444,72.88227388888889,,2026:08:26 09:40:01,web/3f1de91999e1_20260826_94001amByGPSMapCamera.jpg,thumbnails/3f1de91999e1_20260826_94001amByGPSMapCamera_thumb.jpg,3022160,236051
a47c0966dadf,20260826_94006amByGPSMapCamera.jpg,a47c0966dadfb6004c981496a439b68891f3caed50fef1b8f9cc24a720f27251,19.08363083333333,72.88221194444444,,2026:08:26 09:40:05,web/a47c0966dadf_20260826_94006amByGPSMapCamera.jpg,thumbnails/a47c0966dadf_20260826_94006amByGPSMapCamera_thumb.jpg,3426939,294213
4fd9636fa7fc,20260827_100420amByGPSMapCamera.jpg,4fd9636fa7fcd0f894c946b2de64b5cec5663720ae166fc5479bda622c2662d9,19.095165833333333,72.88768194444445,,2026:08:27 10:04:19,web/4fd9636fa7fc_20260827_100420amByGPSMapCamera.jpg,thumbnails/4fd9636fa7fc_20260827_100420amByGPSMapCamera_thumb.jpg,3614642,338002
2764d874d1cb,20260827_100423amByGPSMapCamera.jpg,2764d874d1cb40e41f2614d8779b4fbc44092e4f6cb85d64d2afdb465b77636d,19.095211944444443,72.88762583333335,,2026:08:27 10:04:22,web/2764d874d1cb_20260827_100423amByGPSMapCamera.jpg,thumbnails/2764d874d1cb_20260827_100423amByGPSMapCamera_thumb.jpg,3696397,342926
62216c2b867d,20260827_121158pmByGPSMapCamera.jpg,62216c2b867d7de135db0c98f193d2b4cfa21a9fcdf426c9af0ccff737fdd2e8,19.08242277777778,72.88543194444445,,2026:08:27 12:11:57,web/62216c2b867d_20260827_121158pmByGPSMapCamera.jpg,thumbnails/62216c2b867d_20260827_121158pmByGPSMapCamera_thumb.jpg,3901304,379211
aa359699a8b5,20260827_121159pmByGPSMapCamera.jpg,aa359699a8b58bfe18ab056326ad311ca85d2d018947c8ac82175fe9b194436c,19.08242277777778,72.88543194444445,,2026:08:27 12:11:59,web/aa359699a8b5_20260827_121159pmByGPSMapCamera.jpg,thumbnails/aa359699a8b5_20260827_121159pmByGPSMapCamera_thumb.jpg,3672285,365482
f1f437870b5d,20260827_92550amByGPSMapCamera.jpg,f1f437870b5d3925f4124af92a398af32fe97291e9ec58101dada49e5ee014e7,19.096821944444443,72.88347777777778,,2026:08:27 09:25:50,web/f1f437870b5d_20260827_92550amByGPSMapCamera.jpg,thumbnails/f1f437870b5d_20260827_92550amByGPSMapCamera_thumb.jpg,3428555,292504
f2ad0c2a0f77,20260828_14618pmByGPSMapCamera.jpg,f2ad0c2a0f778f887a0ede728808cf16f14d1a0bb7ebf44d2e8b4cebda105599,19.096816944444445,72.88515583333334,,2026:08:28 13:46:17,web/f2ad0c2a0f77_20260828_14618pmByGPSMapCamera.jpg,thumbnails/f2ad0c2a0f77_20260828_14618pmByGPSMapCamera_thumb.jpg,3117991,274037
412088705b8f,20260828_14619pmByGPSMapCamera.jpg,412088705b8f0afa590dbc20abfa0eb2972fd2a899ca08b3b40722636f46dd02,19.09682388888889,72.88515694444445,,2026:08:28 13:46:19,web/412088705b8f_20260828_14619pmByGPSMapCamera.jpg,thumbnails/412088705b8f_20260828_14619pmByGPSMapCamera_thumb.jpg,2215522,147296
fe3d00340b68,20260829_85950amByGPSMapCamera.jpg,fe3d00340b68d09ebf995c458aabd8fa60004321a6fea1428893b5fdfa46740b,19.08485972222222,72.87857972222221,,2026:08:29 08:59:48,web/fe3d00340b68_20260829_85950amByGPSMapCamera.jpg,thumbnails/fe3d00340b68_20260829_85950amByGPSMapCamera_thumb.jpg,2487157,156840
53d5c43eeded,BRIDGE.jpg,53d5c43eeded49ae27dabbbccb95dc58216be1554bae0006d14d7ac0514f3555,19.085362777777778,72.88384777777779,,2026:06:23 13:22:34,web/53d5c43eeded_BRIDGE.jpg,thumbnails/53d5c43eeded_BRIDGE_thumb.jpg,3261123,299296
e34533b30c04,DRANE UNDERGROUND.jpg,e34533b30c041ebd2fe640132ed4bd25dc84d33b82ad2d72c7ae3797ecf2ee04,19.085471944444443,72.88358472222222,,2026:06:23 13:20:11,web/e34533b30c04_DRANE UNDERGROUND.jpg,thumbnails/e34533b30c04_DRANE UNDERGROUND_thumb.jpg,3488160,344057
21116136cfde,GUNDAVALI MUNICIPAL SCHOOL ANDHERI(E) RL 39.767 THD BENCH MARKS.jpg,21116136cfdefc72f4d26ddbff6ced5518add12a9947d3866b7b1d295a4456e4,19.116436944444445,72.85364388888888,,2026:08:21 15:27:05,web/21116136cfde_GUNDAVALI MUNICIPAL SCHOOL ANDHERI(E) RL 39.767 TH.jpg,thumbnails/21116136cfde_GUNDAVALI MUNICIPAL SCHOOL ANDHERI(E) RL 39.767 TH_thumb.jpg,3693754,351687
1c90b888451a,KURLA  COVERD DRAIN OUTLET FROM SKODA AUTO.jpg,1c90b888451af131059a06c30906949fe0854644aa9ac4b903ffdbfbf02590a8,19.08785083333333,72.88415888888889,,2026:06:23 13:08:49,web/1c90b888451a_KURLA  COVERD DRAIN OUTLET FROM SKODA AUTO.jpg,thumbnails/1c90b888451a_KURLA  COVERD DRAIN OUTLET FROM SKODA AUTO_thumb.jpg,3627963,368326
caddf9116a11,"NALA,.jpg",caddf9116a11b58bead59b18588f1e8da6b332a2f52e1d388afe97c9e2cbd784,19.085336944444443,72.8838338888889,,2026:06:23 13:22:30,"web/caddf9116a11_NALA,.jpg","thumbnails/caddf9116a11_NALA,_thumb.jpg",3406577,330950
203c6c169961,NALA..jpg,203c6c169961324fcaf185513966d36bf754a9131bdc2f636764744401c44c62,19.085315833333333,72.88380388888889,,2026:06:23 13:22:27,web/203c6c169961_NALA..jpg,thumbnails/203c6c169961_NALA._thumb.jpg,3530261,330737
4e0130968a55,NALA.jpg,4e0130968a555880d0992c12a6c2ff15d77189fafd706f32dc235b5f0762d41b,19.085315833333333,72.883795,,2026:06:23 13:22:25,web/4e0130968a55_NALA.jpg,thumbnails/4e0130968a55_NALA_thumb.jpg,3564074,332086
59e34a15b74b,ON SITE.jpg,59e34a15b74b992e79b2fb68fee4033bbaae400527d9166beefa6dbe59cd1f70,19.087675833333332,72.88233972222221,,2026:06:23 12:17:35,web/59e34a15b74b_ON SITE.jpg,thumbnails/59e34a15b74b_ON SITE_thumb.jpg,3405915,281059
